{"cameraMode":{"drawMode":0,"name":"Shaded","section":"Shading Mode"},"sceneLighting":false,"audioPlay":false,"sceneViewState":{"showFog":true,"showMaterialUpdate":false,"showSkybox":false,"showFlares":true,"showImageEffects":true,"showParticleSystems":true},"in2DMode":false,"pivot":{"x":7.450580596923828e-9,"y":0.20332103967666627,"z":-0.09365596622228623},"rotation":{"x":0.030617961660027505,"y":0.9649211764335632,"z":-0.1310615986585617,"w":0.22542136907577516},"size":0.6312755346298218,"orthographic":true}