{"cameraMode":{"drawMode":0,"name":"Shaded","section":"Shading Mode"},"sceneLighting":false,"audioPlay":false,"sceneViewState":{"showFog":true,"showMaterialUpdate":false,"showSkybox":false,"showFlares":true,"showImageEffects":true,"showParticleSystems":true},"in2DMode":false,"pivot":{"x":-0.023958802223205568,"y":0.9604669809341431,"z":0.16234946250915528},"rotation":{"x":0.26863160729408266,"y":-0.1617344617843628,"z":0.04580792039632797,"w":0.9484624862670898},"size":1.9164665937423707,"orthographic":false}