{"cameraMode":{"drawMode":0,"name":"Shaded","section":"Shading Mode"},"sceneLighting":false,"audioPlay":false,"sceneViewState":{"showFog":true,"showMaterialUpdate":false,"showSkybox":false,"showFlares":true,"showImageEffects":true,"showParticleSystems":true},"in2DMode":false,"pivot":{"x":-0.0011979416012763978,"y":0.04802335053682327,"z":0.008117470890283585},"rotation":{"x":0.13589102029800416,"y":-0.7022668719291687,"z":0.13936002552509309,"w":0.6847864389419556},"size":3.7358877658843996,"orthographic":true}