{"cameraMode":{"drawMode":0,"name":"Shaded","section":"Shading Mode"},"sceneLighting":false,"audioPlay":false,"sceneViewState":{"showFog":true,"showMaterialUpdate":false,"showSkybox":false,"showFlares":true,"showImageEffects":true,"showParticleSystems":true},"in2DMode":false,"pivot":{"x":-0.7016483545303345,"y":1.5299978256225587,"z":0.0},"rotation":{"x":0.34041425585746767,"y":0.014103405177593232,"z":-0.005106598138809204,"w":0.9401561617851257},"size":15.056264877319336,"orthographic":true}