{"cameraMode":{"drawMode":0,"name":"Shaded","section":"Shading Mode"},"sceneLighting":false,"audioPlay":false,"sceneViewState":{"showFog":true,"showMaterialUpdate":false,"showSkybox":false,"showFlares":true,"showImageEffects":true,"showParticleSystems":true},"in2DMode":false,"pivot":{"x":0.0,"y":0.01922661066055298,"z":0.02295053005218506},"rotation":{"x":0.014786973595619202,"y":0.9603444933891296,"z":-0.051909029483795169,"w":0.2735535502433777},"size":1.0648056268692017,"orthographic":true}