{"cameraMode":{"drawMode":0,"name":"Shaded","section":"Shading Mode"},"sceneLighting":false,"audioPlay":false,"sceneViewState":{"showFog":true,"showMaterialUpdate":false,"showSkybox":false,"showFlares":true,"showImageEffects":true,"showParticleSystems":true},"in2DMode":false,"pivot":{"x":0.9330162405967712,"y":2.008328676223755,"z":-0.4678881764411926},"rotation":{"x":0.1771034598350525,"y":-0.4754883348941803,"z":0.09836795926094055,"w":0.8560774326324463},"size":1.4834091663360596,"orthographic":false}