{"cameraMode":{"drawMode":0,"name":"Shaded","section":"Shading Mode"},"sceneLighting":false,"audioPlay":false,"sceneViewState":{"showFog":true,"showMaterialUpdate":false,"showSkybox":false,"showFlares":true,"showImageEffects":true,"showParticleSystems":true},"in2DMode":false,"pivot":{"x":-0.012448571622371674,"y":-0.003409557044506073,"z":0.002086084336042404},"rotation":{"x":0.05209818109869957,"y":0.9397857785224915,"z":-0.2938019335269928,"w":0.16664688289165498},"size":0.05504840239882469,"orthographic":false}