{"cameraMode":{"drawMode":0,"name":"Shaded","section":"Shading Mode"},"sceneLighting":true,"audioPlay":false,"sceneViewState":{"showFog":true,"showMaterialUpdate":false,"showSkybox":true,"showFlares":true,"showImageEffects":true,"showParticleSystems":true},"in2DMode":false,"pivot":{"x":-5.615020751953125,"y":-0.31655454635620119,"z":8.469598770141602},"rotation":{"x":-0.1304590404033661,"y":0.5109215378761292,"z":-0.07878677546977997,"w":-0.8460099101066589},"size":11.893672943115235,"orthographic":false}